<?xml version="1.0" encoding="UTF-8"?>
<!DOCTYPE article PUBLIC "-//OASIS//DTD DocBook XML V4.1.2//EN" "http://www.oasis-open.org/docbook/xml/4.1.2/docbookx.dtd">
<article lang="">
  <para>TestLink Community [configure $tlCfg-&gt;document_generator-&gt;company_name]</para>
  <para>Osprey</para>
  <para/>
  <para>
    <inlinegraphic fileref="http://pnqtestlink01/testlink/gui/themes/default/images/company_logo.png" width="0.7862inch" depth="0.552inch"/>
  </para>
  <para>Osprey Full Functional Test Plan</para>
  <para>Test Plan</para>
  <para><anchor id="prodname"/>Project: Osprey</para>
  <para><anchor id="prodscope"/>Project Scope: </para>
  <para>This project is specific to Osprey software test plan.</para>
  <para><anchor id="author"/>Author: abagade</para>
  <para><anchor id="printedby"/>Printed by TestLink on 15/01/2018</para>
  <sect1 id="copyright">
    <para>2009 © TestLink Community</para>
  </sect1>
  <para>Test Suite : BMC</para>
  <sect1>
    <title>Test Suite : Web UI</title>
    <para> </para>
    <informaltable frame="all">
      <tgroup cols="1.25"><tbody><row><entry namest="c1" nameend="c2"><para>Test Case OSP_SW-3590: IPMI_Web_Login</para></entry></row><row><entry namest="c1" nameend="c2"><para>Summary:</para><para>Login to IPMI web browser successful through computer connected to BMC network</para></entry></row><row><entry><para>Execution type:</para></entry><entry><para>Manual</para></entry></row><row><entry namest="c1" nameend="c2"><para/></entry></row></tbody></tgroup>
    </informaltable>
  </sect1>
  <sect1>
    <title>Test Suite : IPMI Tool</title>
    <para> </para>
    <informaltable frame="all">
      <tgroup cols="1.25"><tbody><row><entry namest="c1" nameend="c2"><para>Test Case OSP_SW-183: IPMI_verify</para></entry></row><row><entry namest="c1" nameend="c2"><para>Summary:</para><para>Verification of the IPMI stack</para><para>This is used for System management and monitoring.</para><para>( Intelligent Platform Management Interface)</para></entry></row><row><entry><para>Execution type:</para></entry><entry><para>Manual</para></entry></row><row><entry namest="c1" nameend="c2"><para/></entry></row></tbody></tgroup>
    </informaltable>
  </sect1>
  <sect1>
    <title>Test Suite : 01_BMC_Tests</title>
    <para> </para>
    <informaltable frame="all">
      <tgroup cols="1.25"><tbody><row><entry namest="c1" nameend="c2"><para>Test Case OSP_SW-101: BMC_DCMI1.1_test</para></entry></row><row><entry namest="c1" nameend="c2"><para>Summary:</para><para>Test DCMII1.1</para></entry></row><row><entry><para>Execution type:</para></entry><entry><para>Manual</para></entry></row><row><entry namest="c1" nameend="c2"><para/></entry></row></tbody></tgroup>
    </informaltable>
    <para> </para>
    <informaltable frame="all">
      <tgroup cols="1.25"><tbody><row><entry namest="c1" nameend="c2"><para>Test Case OSP_SW-193: BMC_monitor_DDR</para></entry></row><row><entry namest="c1" nameend="c2"><para>Summary:</para><para>Monitor the 4 DDR controllers. Report through network connectivity in case there is any failure in the DDRs connected.</para></entry></row><row><entry><para>Execution type:</para></entry><entry><para>Manual</para></entry></row><row><entry namest="c1" nameend="c2"><para/></entry></row></tbody></tgroup>
    </informaltable>
  </sect1>
  <sect1>
    <title>Test Suite : Serial Console</title>
    <para> </para>
    <informaltable frame="all">
      <tgroup cols="1.25"><tbody><row><entry namest="c1" nameend="c2"><para>Test Case OSP_SW-3003: BMC_linux_ethernet_pingtest</para></entry></row><row><entry namest="c1" nameend="c2"><para>Summary:</para><para>Use BMC Ethernet &amp; ping out to a server with different packet sizes.</para></entry></row><row><entry><para>Execution type:</para></entry><entry><para>Manual</para></entry></row><row><entry namest="c1" nameend="c2"><para/></entry></row></tbody></tgroup>
    </informaltable>
    <para> </para>
    <informaltable frame="all">
      <tgroup cols="1.25"><tbody><row><entry namest="c1" nameend="c2"><para>Test Case OSP_SW-3013: BMC_reboot_self</para></entry></row><row><entry namest="c1" nameend="c2"><para>Summary:</para><para>From BMC Linux prompt reboot  and see that BMC can reboot well.</para></entry></row><row><entry><para>Execution type:</para></entry><entry><para>Manual</para></entry></row><row><entry namest="c1" nameend="c2"><para/></entry></row></tbody></tgroup>
    </informaltable>
    <para> </para>
    <informaltable frame="all">
      <tgroup cols="1.25"><tbody><row><entry namest="c1" nameend="c2"><para>Test Case OSP_SW-3812: BMC_Console_Access</para></entry></row><row><entry namest="c1" nameend="c2"><para>Summary:</para><para>Connect the BMC console through UART</para></entry></row><row><entry><para>Execution type:</para></entry><entry><para>Manual</para></entry></row><row><entry namest="c1" nameend="c2"><para/></entry></row></tbody></tgroup>
    </informaltable>
    <para> </para>
    <informaltable frame="all">
      <tgroup cols="1.25"><tbody><row><entry namest="c1" nameend="c2"><para>Test Case OSP_SW-42: BMC_Node_Power_cycle</para></entry></row><row><entry namest="c1" nameend="c2"><para>Summary:</para><para>Run power cycle test through BMC controller. Use AMI BMC software</para></entry></row><row><entry><para>Execution type:</para></entry><entry><para>Manual</para></entry></row><row><entry namest="c1" nameend="c2"><para/></entry></row></tbody></tgroup>
    </informaltable>
    <para>Test Suite : BIOS</para>
    <para>Test Suite : ATF_CoT</para>
    <para> </para>
    <informaltable frame="all">
      <tgroup cols="1.25"><tbody><row><entry namest="c1" nameend="c2"><para>Test Case OSP_SW-2141: ATF_BL33</para></entry></row><row><entry namest="c1" nameend="c2"><para>Summary:</para><para>Verify that BL33 stage passes without an error.</para></entry></row><row><entry><para>Execution type:</para></entry><entry><para>Manual</para></entry></row><row><entry namest="c1" nameend="c2"><para/></entry></row></tbody></tgroup>
    </informaltable>
    <para> </para>
    <informaltable frame="all">
      <tgroup cols="1.25"><tbody><row><entry namest="c1" nameend="c2"><para>Test Case OSP_SW-2140: ATF_BL32</para></entry></row><row><entry namest="c1" nameend="c2"><para>Summary:</para><para>Verify that BL32 stage passes without an error.</para></entry></row><row><entry><para>Execution type:</para></entry><entry><para>Manual</para></entry></row><row><entry namest="c1" nameend="c2"><para/></entry></row></tbody></tgroup>
    </informaltable>
    <para> </para>
    <informaltable frame="all">
      <tgroup cols="1.25"><tbody><row><entry namest="c1" nameend="c2"><para>Test Case OSP_SW-2139: ATF_BL31</para></entry></row><row><entry namest="c1" nameend="c2"><para>Summary:</para><para>Verify that BL31 stage passes without an error.</para></entry></row><row><entry><para>Execution type:</para></entry><entry><para>Manual</para></entry></row><row><entry namest="c1" nameend="c2"><para/></entry></row></tbody></tgroup>
    </informaltable>
  </sect1>
  <sect1>
    <title>Test Suite : BMC</title>
    <para> </para>
    <informaltable frame="all">
      <tgroup cols="1.25"><tbody><row><entry namest="c1" nameend="c2"><para>Test Case OSP_SW-77: AMI_BMC_support</para></entry></row><row><entry namest="c1" nameend="c2"><para>Summary:Check whether the BMC support is enabled in "Server Mgmt" Tab of the APTIO v menu options.</para></entry></row><row><entry><para>Execution type:</para></entry><entry><para>Manual</para></entry></row><row><entry namest="c1" nameend="c2"><para/></entry></row></tbody></tgroup>
    </informaltable>
    <para> </para>
    <informaltable frame="all">
      <tgroup cols="1.25"><tbody><row><entry namest="c1" nameend="c2"><para>Test Case OSP_SW-78: AMI_BMC_Wait_for_BMC</para></entry></row><row><entry namest="c1" nameend="c2"><para>Summary:Check whether the Wait for BMC support is enabled in "Server Mgmt" Tab of the APTIO v menu options. The wait time to be verified with this setting enabled.</para></entry></row><row><entry><para>Execution type:</para></entry><entry><para>Manual</para></entry></row><row><entry namest="c1" nameend="c2"><para/></entry></row></tbody></tgroup>
    </informaltable>
    <para> </para>
    <informaltable frame="all">
      <tgroup cols="1.25"><tbody><row><entry namest="c1" nameend="c2"><para>Test Case OSP_SW-79: AMI_BMC_FRB2_Timer</para></entry></row><row><entry namest="c1" nameend="c2"><para>Summary:Check whether the FRB-2 timer support is enabled in "Server Mgmt" Tab of the APTIO v menu options. Verify this timer.</para></entry></row><row><entry><para>Execution type:</para></entry><entry><para>Manual</para></entry></row><row><entry namest="c1" nameend="c2"><para/></entry></row></tbody></tgroup>
    </informaltable>
    <para> </para>
    <informaltable frame="all">
      <tgroup cols="1.25"><tbody><row><entry namest="c1" nameend="c2"><para>Test Case OSP_SW-89: AMI_BMC_warm_reset</para></entry></row><row><entry namest="c1" nameend="c2"><para>Summary:</para><para>Check That the "BMC Warm reset " is correctly displayed and functioning through the "Server Mgmt" Tab of the APTIO v menu options. Run a BMC reset test and check the BMC console to verify that BMC is correctly reset.</para></entry></row><row><entry><para>Execution type:</para></entry><entry><para>Manual</para></entry></row><row><entry namest="c1" nameend="c2"><para/></entry></row></tbody></tgroup>
    </informaltable>
    <sect2>
      <title>Test Suite : Platform</title>
      <para> </para>
      <informaltable frame="all">
        <tgroup cols="1.25"><tbody><row><entry namest="c1" nameend="c2"><para>Test Case OSP_SW-5641: AMI_Platform_GFC_clock</para></entry></row><row><entry namest="c1" nameend="c2"><para>Summary:</para><para>Check the correctness of GFC clock information display through in the "Platform Board Information" section</para></entry></row><row><entry><para>Execution type:</para></entry><entry><para>Manual</para></entry></row><row><entry namest="c1" nameend="c2"><para/></entry></row></tbody></tgroup>
      </informaltable>
      <para> </para>
      <informaltable frame="all">
        <tgroup cols="1.25"><tbody><row><entry namest="c1" nameend="c2"><para>Test Case OSP_SW-5640: AMI_Platform_AHB_clock</para></entry></row><row><entry namest="c1" nameend="c2"><para>Summary:Check the correctness of AHB clock information display through in the "Platform Board Information" section</para></entry></row><row><entry><para>Execution type:</para></entry><entry><para>Manual</para></entry></row><row><entry namest="c1" nameend="c2"><para/></entry></row></tbody></tgroup>
      </informaltable>
    </sect2>
  </sect1>
  <sect1>
    <title>Test Suite : SATA/USB</title>
    <para> </para>
    <informaltable frame="all">
      <tgroup cols="1.25"><tbody><row><entry namest="c1" nameend="c2"><para>Test Case OSP_SW-3216: AMI_SATA_FAT_partition_check</para></entry></row><row><entry namest="c1" nameend="c2"><para>Summary:</para><para>Make 10 partitions of a SATA disk, format with vfat file system. Reboot &amp; check whether all the partitions are detected.</para></entry></row><row><entry><para>Execution type:</para></entry><entry><para>Manual</para></entry></row><row><entry namest="c1" nameend="c2"><para/></entry></row></tbody></tgroup>
    </informaltable>
    <para> </para>
    <informaltable frame="all">
      <tgroup cols="1.25"><tbody><row><entry namest="c1" nameend="c2"><para>Test Case OSP_SW-3218: AMI__PCIe_SATA_FAT_partition_check</para></entry></row><row><entry namest="c1" nameend="c2"><para>Summary:</para><para>Make 10 partitions of a SATA  disk connected to the PCIe card, format with vfat file system. Reboot &amp; check whether all the partitions are detected. Check the PCIe card through the pci command on shell &amp; check the detection of the vfat partitions.</para></entry></row><row><entry><para>Execution type:</para></entry><entry><para>Manual</para></entry></row><row><entry namest="c1" nameend="c2"><para/></entry></row></tbody></tgroup>
    </informaltable>
    <para> </para>
    <informaltable frame="all">
      <tgroup cols="1.25"><tbody><row><entry namest="c1" nameend="c2"><para>Test Case OSP_SW-3217: AMI_USB_FAT_partition_check</para></entry></row><row><entry namest="c1" nameend="c2"><para>Summary:</para><para>Make 10 partitions of a USB disk, format with vfat file system. Reboot &amp; check whether all the partitions are detected.</para></entry></row><row><entry><para>Execution type:</para></entry><entry><para>Manual</para></entry></row><row><entry namest="c1" nameend="c2"><para/></entry></row></tbody></tgroup>
    </informaltable>
    <para> </para>
    <informaltable frame="all">
      <tgroup cols="1.25"><tbody><row><entry namest="c1" nameend="c2"><para>Test Case OSP_SW-3213: AMI_disable_USB</para></entry></row><row><entry namest="c1" nameend="c2"><para>Summary:</para><para>Disable USB from the BIOS options. Save and reset. Make sure that the disable switch is working.</para></entry></row><row><entry><para>Execution type:</para></entry><entry><para>Manual</para></entry></row><row><entry namest="c1" nameend="c2"><para/></entry></row></tbody></tgroup>
    </informaltable>
    <para> </para>
    <informaltable frame="all">
      <tgroup cols="1.25"><tbody><row><entry namest="c1" nameend="c2"><para>Test Case OSP_SW-3212: AMI_disable_SATA</para></entry></row><row><entry namest="c1" nameend="c2"><para>Summary:</para><para>Disable SATA from the BIOS options. Save and reset. Make sure that the disable switch is working.</para></entry></row><row><entry><para>Execution type:</para></entry><entry><para>Manual</para></entry></row><row><entry namest="c1" nameend="c2"><para/></entry></row></tbody></tgroup>
    </informaltable>
    <para> </para>
    <informaltable frame="all">
      <tgroup cols="1.25"><tbody><row><entry namest="c1" nameend="c2"><para>Test Case OSP_SW-3211: AMI_USB_installation</para></entry></row><row><entry namest="c1" nameend="c2"><para>Summary:</para><para>Put the everything.iso image on a USB disk and test OS installation from the USB disk</para></entry></row><row><entry><para>Execution type:</para></entry><entry><para>Manual</para></entry></row><row><entry namest="c1" nameend="c2"><para/></entry></row></tbody></tgroup>
    </informaltable>
  </sect1>
  <sect1>
    <title>Test Suite : Upgrade &amp; Boot</title>
    <para> </para>
    <informaltable frame="all">
      <tgroup cols="1.25"><tbody><row><entry namest="c1" nameend="c2"><para>Test Case OSP_SW-3210: AMI_PXE_boot</para></entry></row><row><entry namest="c1" nameend="c2"><para>Summary:</para><para>Test PXE boot test through intel i210 card.</para></entry></row><row><entry><para>Execution type:</para></entry><entry><para>Manual</para></entry></row><row><entry namest="c1" nameend="c2"><para/></entry></row></tbody></tgroup>
    </informaltable>
    <para> </para>
    <informaltable frame="all">
      <tgroup cols="1.25"><tbody><row><entry namest="c1" nameend="c2"><para>Test Case OSP_SW-3587: AMI_Upgrade_Atf-BIOS(UEFI)_thru_WebUI</para></entry></row><row><entry namest="c1" nameend="c2"><para>Summary:</para><para>AMI Atf-BIOS(UEFI) upgrade test BMC WebUI</para></entry></row><row><entry><para>Execution type:</para></entry><entry><para>Manual</para></entry></row><row><entry namest="c1" nameend="c2"><para/></entry></row></tbody></tgroup>
    </informaltable>
  </sect1>
  <sect1>
    <title>Test Suite : WDT</title>
    <para> </para>
    <informaltable frame="all">
      <tgroup cols="1.25"><tbody><row><entry namest="c1" nameend="c2"><para>Test Case OSP_SW-80: AMI_OS_Watchdog_Timer</para></entry></row><row><entry namest="c1" nameend="c2"><para>Summary:Check whether the OS_Watchdog_Timer is enabled in "Server Mgmt" Tab of the APTIO v menu options. Enable and Verify this OS watchdog timer. </para></entry></row><row><entry><para>Execution type:</para></entry><entry><para>Manual</para></entry></row><row><entry namest="c1" nameend="c2"><para/></entry></row></tbody></tgroup>
    </informaltable>
  </sect1>
  <sect1>
    <title>Test Suite : ACPI/PM</title>
    <para> </para>
    <informaltable frame="all">
      <tgroup cols="1.25"><tbody><row><entry namest="c1" nameend="c2"><para>Test Case OSP_SW-5631: AMI_Platform_Slimpro_Rev</para></entry></row><row><entry namest="c1" nameend="c2"><para>Summary:Check the correctness of Slimpro version through in the "Platform Board Information" section</para></entry></row><row><entry><para>Execution type:</para></entry><entry><para>Manual</para></entry></row><row><entry namest="c1" nameend="c2"><para/></entry></row></tbody></tgroup>
    </informaltable>
    <para> </para>
    <informaltable frame="all">
      <tgroup cols="1.25"><tbody><row><entry namest="c1" nameend="c2"><para>Test Case OSP_SW-5630: AMI_ACPI_settings_hibernation_disabled</para></entry></row><row><entry namest="c1" nameend="c2"><para>Summary:</para><para>Check whether the system can boot with the option Hibernation Disabled</para></entry></row><row><entry><para>Execution type:</para></entry><entry><para>Manual</para></entry></row><row><entry namest="c1" nameend="c2"><para/></entry></row></tbody></tgroup>
    </informaltable>
    <para> </para>
    <informaltable frame="all">
      <tgroup cols="1.25"><tbody><row><entry namest="c1" nameend="c2"><para>Test Case OSP_SW-5629: WAMI_ACPI_settings_hibernation_enabled</para></entry></row><row><entry namest="c1" nameend="c2"><para>Summary:</para><para>Check whether the system can boot with the option Hibernation Enabled</para></entry></row><row><entry><para>Execution type:</para></entry><entry><para>Manual</para></entry></row><row><entry namest="c1" nameend="c2"><para/></entry></row></tbody></tgroup>
    </informaltable>
    <para> </para>
    <informaltable frame="all">
      <tgroup cols="1.25"><tbody><row><entry namest="c1" nameend="c2"><para>Test Case OSP_SW-5628: AMI_ACPI__settings_Sleep_state_disabled</para></entry></row><row><entry namest="c1" nameend="c2"><para>Summary:Check whether the system can boot with the option " ACPI Sleep State" enabled for Disabled state</para></entry></row><row><entry><para>Execution type:</para></entry><entry><para>Manual</para></entry></row><row><entry namest="c1" nameend="c2"><para/></entry></row></tbody></tgroup>
    </informaltable>
    <para> </para>
    <informaltable frame="all">
      <tgroup cols="1.25"><tbody><row><entry namest="c1" nameend="c2"><para>Test Case OSP_SW-5627: AMI_ACPI_settings_Sleep_state_disabled</para></entry></row><row><entry namest="c1" nameend="c2"><para>Summary:</para><para>Check whether the system can boot with the option " ACPI Sleep State" enabled for Disabled state</para></entry></row><row><entry><para>Execution type:</para></entry><entry><para>Manual</para></entry></row><row><entry namest="c1" nameend="c2"><para/></entry></row></tbody></tgroup>
    </informaltable>
    <para>Test Suite : CentOS</para>
  </sect1>
  <sect1>
    <title>Test Suite : Ethernet</title>
    <sect2>
      <title>Test Suite : 100G_x1_pcie_slot_Mellanox</title>
      <para> </para>
      <informaltable frame="all">
        <tgroup cols="1.25"><tbody><row><entry namest="c1" nameend="c2"><para>Test Case OSP_SW-3728: 1G_PRO_ping_eth0_1518s</para></entry></row><row><entry namest="c1" nameend="c2"><para>Summary:ping through port 1 on Intel 1G_PRO10G card. Use 1518 byte packet size.</para></entry></row><row><entry><para>Execution type:</para></entry><entry><para>Manual</para></entry></row><row><entry namest="c1" nameend="c2"><para/></entry></row></tbody></tgroup>
      </informaltable>
      <para> </para>
      <informaltable frame="all">
        <tgroup cols="1.25"><tbody><row><entry namest="c1" nameend="c2"><para>Test Case OSP_SW-3596: MLX_detection</para></entry></row><row><entry namest="c1" nameend="c2"><para>Summary:</para><para>Check detection of the Intel E1000 card on the PCI slots. Use SMP linux kernel.</para></entry></row><row><entry><para>Execution type:</para></entry><entry><para>Manual</para></entry></row><row><entry namest="c1" nameend="c2"><para/></entry></row></tbody></tgroup>
      </informaltable>
      <para> </para>
      <informaltable frame="all">
        <tgroup cols="1.25"><tbody><row><entry namest="c1" nameend="c2"><para>Test Case OSP_SW-3597: MLX_IP_assignment</para></entry></row><row><entry namest="c1" nameend="c2"><para>Summary:</para><para>Assign IP to all the 5 interfaces and see that no error  message is returned.Use SMP linux kernel.</para></entry></row><row><entry><para>Execution type:</para></entry><entry><para>Manual</para></entry></row><row><entry namest="c1" nameend="c2"><para/></entry></row></tbody></tgroup>
      </informaltable>
    </sect2>
    <sect2>
      <title>Test Suite : 100G_x8_pcie_slot_Mellanox</title>
      <para> </para>
      <informaltable frame="all">
        <tgroup cols="1.25"><tbody><row><entry namest="c1" nameend="c2"><para>Test Case OSP_SW-2822: MLX_100G_ping_eth0_1518s</para></entry></row><row><entry namest="c1" nameend="c2"><para>Summary:</para><para>ping through port 1 on Mellanox 100G card. Use 1518 byte packet size.</para></entry></row><row><entry><para>Execution type:</para></entry><entry><para>Manual</para></entry></row><row><entry namest="c1" nameend="c2"><para/></entry></row></tbody></tgroup>
      </informaltable>
      <para> </para>
      <informaltable frame="all">
        <tgroup cols="1.25"><tbody><row><entry namest="c1" nameend="c2"><para>Test Case OSP_SW-2837: MLX_detection</para></entry></row><row><entry namest="c1" nameend="c2"><para>Summary:</para><para>Check detection of the Intel E1000 card on the PCI slots. Use SMP linux kernel.</para></entry></row><row><entry><para>Execution type:</para></entry><entry><para>Manual</para></entry></row><row><entry namest="c1" nameend="c2"><para/></entry></row></tbody></tgroup>
      </informaltable>
      <para> </para>
      <informaltable frame="all">
        <tgroup cols="1.25"><tbody><row><entry namest="c1" nameend="c2"><para>Test Case OSP_SW-2838: MLX_IP_assignment</para></entry></row><row><entry namest="c1" nameend="c2"><para>Summary:</para><para>Assign IP to all the 5 interfaces and see that no error  message is returned.Use SMP linux kernel.</para></entry></row><row><entry><para>Execution type:</para></entry><entry><para>Manual</para></entry></row><row><entry namest="c1" nameend="c2"><para/></entry></row></tbody></tgroup>
      </informaltable>
    </sect2>
    <sect2>
      <title>Test Suite : 100G_x16_pcie_slot_01_Mellanox</title>
      <para> </para>
      <informaltable frame="all">
        <tgroup cols="1.25"><tbody><row><entry namest="c1" nameend="c2"><para>Test Case OSP_SW-2684: MLX_100G_ping_eth1_1518s</para></entry></row><row><entry namest="c1" nameend="c2"><para>Summary:</para><para>ping through port 2 on Mellanox 100G card. Use 1518 byte packet size.</para></entry></row><row><entry><para>Execution type:</para></entry><entry><para>Manual</para></entry></row><row><entry namest="c1" nameend="c2"><para/></entry></row></tbody></tgroup>
      </informaltable>
      <para> </para>
      <informaltable frame="all">
        <tgroup cols="1.25"><tbody><row><entry namest="c1" nameend="c2"><para>Test Case OSP_SW-2685: MLX_100G_ping_eth1_jumbo_1518s</para></entry></row><row><entry namest="c1" nameend="c2"><para>Summary:</para><para>Enable jumbo frames &amp;ping through port 2 on Mellanox 100G card. Use 1518 byte packet size.</para></entry></row><row><entry><para>Execution type:</para></entry><entry><para>Manual</para></entry></row><row><entry namest="c1" nameend="c2"><para/></entry></row></tbody></tgroup>
      </informaltable>
      <para> </para>
      <informaltable frame="all">
        <tgroup cols="1.25"><tbody><row><entry namest="c1" nameend="c2"><para>Test Case OSP_SW-2688: MLX_100G_ping_eth1_3000s</para></entry></row><row><entry namest="c1" nameend="c2"><para>Summary:</para><para>ping through port 2 on Mellanox 100G card. Use 3000 byte packet size.</para></entry></row><row><entry><para>Execution type:</para></entry><entry><para>Manual</para></entry></row><row><entry namest="c1" nameend="c2"><para/></entry></row></tbody></tgroup>
      </informaltable>
      <para> </para>
      <informaltable frame="all">
        <tgroup cols="1.25"><tbody><row><entry namest="c1" nameend="c2"><para>Test Case OSP_SW-2689: MLX_100G_ping_eth1_jumbo_3000s</para></entry></row><row><entry namest="c1" nameend="c2"><para>Summary:</para><para>Enable jumbo frames &amp; ping through port 2 on Mellanox 100G card. Use 3000 byte packet size.</para></entry></row><row><entry><para>Execution type:</para></entry><entry><para>Manual</para></entry></row><row><entry namest="c1" nameend="c2"><para/></entry></row></tbody></tgroup>
      </informaltable>
      <para> </para>
      <informaltable frame="all">
        <tgroup cols="1.25"><tbody><row><entry namest="c1" nameend="c2"><para>Test Case OSP_SW-2692: MLX_100G_ping_eth1_65000s</para></entry></row><row><entry namest="c1" nameend="c2"><para>Summary:</para><para>ping through port 2 on Mellanox 100G card. Use 65000 byte packet size.</para></entry></row><row><entry><para>Execution type:</para></entry><entry><para>Manual</para></entry></row><row><entry namest="c1" nameend="c2"><para/></entry></row></tbody></tgroup>
      </informaltable>
      <para> </para>
      <informaltable frame="all">
        <tgroup cols="1.25"><tbody><row><entry namest="c1" nameend="c2"><para>Test Case OSP_SW-2693: MLX_100G_ping_eth1_jumbo_65000s</para></entry></row><row><entry namest="c1" nameend="c2"><para>Summary:</para><para>Enable jumbo frames &amp; ping through port 2 on Mellanox 100G card. Use 65000 byte packet size.</para></entry></row><row><entry><para>Execution type:</para></entry><entry><para>Manual</para></entry></row><row><entry namest="c1" nameend="c2"><para/></entry></row></tbody></tgroup>
      </informaltable>
      <para/>
    </sect2>
  </sect1>
</article>
